,reconstruction_error,true_class
5757,0.0011626175479879715,0
5758,0.000754828196355146,0
3332,0.00039119087289412203,0
9518,0.03985588545796274,0
9335,0.005435258648169707,0
8238,0.0020058219897188833,0
5874,5.681611397584277e-05,0
7932,0.0005345040601917375,0
6448,0.0005137265179820391,0
2772,0.005503055409060467,0
7935,0.0005256448729313826,0
1418,0.01587280746899889,0
4770,5.914502066620241e-05,0
1565,0.0008749193214785886,0
6665,0.00010903486361838718,0
304,0.040051805926845443,0
3684,0.00019142434856973722,0
4251,0.0001660015331879145,0
2498,0.006686530150760389,0
3461,9.62358289370255e-05,0
2364,0.00013794197987725213,0
320,3.783757222066792e-05,0
7505,0.006693026027890789,0
1967,0.052131603080446426,0
6362,0.00014182813530946089,0
5249,0.0002429059487922566,0
444,0.0008864488892905154,0
5409,5.5852650285651214e-05,0
8004,0.0011718755092993119,0
3145,0.0004999245880810825,0
9180,0.036812644811988746,0
1462,0.005771598879335282,0
2064,0.000651346365711292,0
6608,6.472245749561016e-05,0
3628,5.681608953590223e-05,0
749,9.871647232741647e-05,0
6734,9.626156866520826e-05,0
7223,0.0001642280980895874,0
7469,0.0020457975315741426,0
6147,7.984624443790412e-05,0
923,4.912554038457614e-05,0
8499,0.0007272743826959106,0
8465,0.001846935510900659,0
8095,0.0017495212005615103,0
4042,0.0005486416794773435,0
2243,0.0006607856667919922,0
5154,0.0002560226304422522,0
7426,0.00658251632356172,0
5710,0.0006195446688189007,0
8866,0.0035375345392305527,0
2724,5.821889173132844e-05,0
6710,0.00016270609539408568,0
1633,0.00028203842860322314,0
2354,0.04147415279426963,0
1464,0.010133382128493643,0
6008,0.0009039032739327,0
7800,0.004085998039818259,0
207,0.0008163807991655852,0
4782,8.855880201719396e-05,0
9645,0.0017298782412881418,0
6994,0.040294346164590905,0
6879,0.0006809339512229107,0
2789,0.0017185939288364774,0
5258,0.00012031901155344573,0
7232,0.0018460004452495083,0
1317,0.005182404495965877,0
8848,0.0008278935387777702,0
4781,0.0006794423115990671,0
276,0.00018294679865709545,0
6330,0.0009242953669651968,0
7571,0.0012850855726544506,0
4233,0.0004267847200546632,0
4475,0.0012469027565379335,0
1277,0.008343127799993336,0
7317,0.03561820545819102,0
6111,0.00010308897384876655,0
2506,0.0020942806321440155,0
6022,0.00016306563906035357,0
3169,0.00014191131264061616,0
2202,0.003805108688061724,0
8231,0.005049473886960292,0
1927,0.01014135123862605,0
2060,0.000516350469598315,0
3722,0.00041897725424343486,0
5936,0.000251999444279133,0
6133,0.0005792946134964999,0
1553,0.005182404501257473,0
7841,0.0007507016286991846,0
8081,0.0029220552798066915,0
8949,0.0018263830026969278,0
7830,0.004490031919343208,0
1555,0.0021783498156525177,0
2678,0.0018594625924670584,0
3859,0.00012670985167405596,0
3294,0.0011799991222851852,0
6889,0.00013075702058434088,0
8179,0.0028555740392999084,0
1969,0.0005658874146032152,0
8089,0.0011116513302164906,0
9195,0.009545740367430583,0
3002,0.0014504604321454928,0
4525,0.0006175711581095253,0
3827,0.00024046621523613124,0
6019,0.0006013209366510288,0
221,0.0035694056048023496,0
4439,0.0010259606369126758,0
9345,0.0012826164813134905,0
2861,0.0005486232904532855,0
880,0.0004645817802443852,0
9388,0.0032443487473513694,0
6083,8.53309425865095e-05,0
6197,0.0010278733807555069,0
1860,0.007231959114539661,0
723,0.004543073494450524,0
3034,0.0003353508135370461,0
6903,0.0003048115163032294,0
1485,0.0034813708579768837,0
4045,0.00031451620234127696,0
7943,0.006784599293491857,0
360,0.0003150948715007099,0
8728,0.004557767512287674,0
7946,0.002819058873673251,0
2183,0.0027193458611526455,0
5432,0.0008419931371855728,0
3735,0.0010404043323402794,0
5832,5.6424918275566244e-05,0
7840,0.003601266058302418,0
6863,0.00470754828053183,0
8637,0.0009666981028526373,0
5177,0.0010003641335817022,0
8255,0.004610602436973427,0
5187,0.052131603080446426,0
3725,0.0004898579818786321,0
7542,0.005812171010437445,0
2735,0.0003037614982657839,0
5172,0.00019335941463649668,0
6050,9.202905621888931e-05,0
6415,8.536305227454993e-05,0
5899,0.0004227322440016291,0
3638,0.00038155233336821396,0
6855,0.0017457323598001988,0
7129,0.0010379560276349775,0
3738,8.42962971285341e-05,0
9520,0.001323767094892558,0
7798,0.0013478131370250812,0
8160,0.0029755467313074065,0
8141,0.006941425027204899,0
2764,9.008668994213967e-05,0
2249,0.000723709071329326,0
9316,0.000794247559301944,0
3766,0.0004869704659324178,0
5913,0.005266835344846068,0
3611,0.00011989220252632973,0
9192,0.015395056999460683,0
4750,0.00016469139403997688,0
9536,0.052131603080446426,0
5611,4.076594111739129e-05,0
6145,5.636371534306887e-05,0
1283,0.0005606016263226789,0
1252,0.00518240450015487,0
8717,0.010198296235300275,0
1211,0.0004723585753392617,0
5979,0.00025299268300138874,0
5212,0.00029479571713901737,0
4582,0.00022432856936594088,0
4478,0.0004941624034991524,0
4888,0.0003427924488127556,0
1127,9.59103310598261e-05,0
613,0.00022408538729161692,0
4074,0.00014317715910825644,0
3754,0.0004863303761775563,0
7181,0.0022750378562746885,0
8427,0.005857511043125125,0
6923,0.002223244145434233,0
9506,0.0020099964616774493,0
4076,0.0012992554714892609,0
7543,0.010272263646025737,0
7434,0.003639417449629534,0
264,0.0005621460332867957,0
8679,0.015219074914145073,0
9050,0.004438553764315061,0
9211,0.0013315282632053534,0
5814,5.3406276886985464e-05,0
5251,0.0001756001361171613,0
5807,3.734898721944631e-05,0
4978,7.02481734470585e-05,0
3227,0.0005058067833650106,0
8403,0.002554293942481738,0
1838,0.004080613842835642,0
2990,0.000701245064109685,0
1680,0.0006062977776753555,0
6471,0.00038458208941466866,0
3928,0.000469430172542866,0
415,0.00032079114388881076,0
5878,0.0007680122221796364,0
6450,0.00028817537449923425,0
2859,0.052131603080446426,0
5822,9.550209872951276e-05,0
5708,0.00021409947680421236,0
6498,0.00020119307405984147,0
4707,0.0005078413143261035,0
3913,0.0005464867880523873,0
7740,0.0020448250842818225,0
7484,0.01633909909766067,0
5180,0.00017363631234432024,0
664,0.0009250072111172103,0
884,0.0009938366333841601,0
4508,0.0004107146294454376,0
8417,0.016766846577554034,0
2403,0.00047751097230765843,0
4938,0.0005609129869855847,0
3168,0.00015423037997199237,0
7927,0.07007961985896805,0
8552,0.002752713729717934,0
156,0.015070472648075187,0
7606,0.0004883609516723804,0
8051,0.0024143112608233305,0
8912,0.004540930757956775,0
462,7.603380153125168e-05,0
7311,0.00041568978871135286,0
6650,0.0005652876571024157,0
7701,0.0076595965197886135,0
4221,0.00015711714779178285,0
3545,3.886697742534035e-05,0
1660,0.007232032428607385,0
7513,0.0055612106977154085,0
3599,0.00012385469691369183,0
9313,0.013284020217834123,0
2399,0.0032803090742283183,0
1600,0.0003026641310743671,0
6629,0.0005278792216916981,0
3688,0.0043070725816972315,0
1472,0.0005547334120439373,0
8859,0.008704915604119241,0
8143,0.010759722322267596,0
681,0.0008708672068892972,0
6535,0.001173850444953296,0
7646,0.006739973683371252,0
1880,0.002106969036695457,0
293,0.0077034549349970305,0
2742,0.0004975054173142641,0
1366,0.0005688594483327767,0
3810,0.00018670061661728825,0
4865,0.010830295004155268,0
1300,0.00023929894114764458,0
7846,0.0009550417292487353,0
3548,0.0009940921943605008,0
8547,0.041215992153785505,0
9547,0.0007259359670884966,0
4646,6.753302698496088e-05,0
8008,0.001307739000413466,0
7898,0.00032908525385017743,0
3747,5.0797296287429726e-05,0
2756,0.0002468441086883401,0
9466,0.000890699615601257,0
3716,0.0001871435550470739,0
7019,0.00015012040982336595,0
4552,0.0011045566680189238,0
7361,0.00801240403834965,0
2270,0.00032228644566730425,0
2879,0.0005506525785370375,0
3319,0.00027421022166315457,0
3629,0.0001486328002537346,0
2536,0.007703451994081841,0
4673,0.0004412601319368729,0
6685,0.00012578016620451958,0
7489,0.006111752660580495,0
8320,0.004627856441451937,0
7041,0.0004698070201452871,0
5125,5.607634722913617e-05,0
8119,0.01134051183278209,0
1647,0.0035729842386466406,0
7866,0.043821480959619644,0
209,4.103021553696816e-05,0
4634,0.00022480220615002088,0
3147,0.0003304218408943377,0
516,8.72028783097002e-05,0
6990,0.0682959555557309,0
4762,0.0008068805937372491,0
1441,0.052131603080446426,0
1717,8.732921825937501e-05,0
3269,0.0006695263260005411,0
3009,0.0007334638923785487,0
7313,0.0004291731363808236,0
2122,0.00038088556470053343,0
1473,0.00518240450015487,0
3079,0.00013210263644806782,0
732,0.00046270481780515013,0
9369,0.00525417610927055,0
741,0.006681547820727746,0
6975,0.011815925975141018,0
9421,0.004193392011734449,0
4511,0.0009871167457944,0
7316,0.012533514746625072,0
3966,5.4307584325349114e-05,0
1535,0.013067415495190101,0
4409,0.00017604585862302096,0
4665,8.365884933658581e-05,0
4379,8.566227849000857e-05,0
2573,0.0007229544306681351,0
7649,0.013438506774737288,0
5168,7.050737730756745e-05,0
8488,0.0024470600417306095,0
5031,0.000246384274085532,0
3659,0.0005750190822162667,0
481,0.00011363166816914329,0
5752,0.0009934538521165035,0
662,0.0002692917372848829,0
7954,0.0032378711494979585,0
5286,0.0002296580555375278,0
952,8.230670275783254e-05,0
4072,0.001056049853175139,0
7065,0.003792475754490646,0
5666,3.799631353912932e-05,0
1682,0.01237323675127012,0
6848,0.001492210628216469,0
6918,0.03552776805049265,0
7220,0.07044678348385627,0
6373,0.0003631551861403595,0
449,9.749029076246944e-05,0
5453,0.00018498709572407638,0
4003,0.00046922576967459796,0
7387,0.0037646405854086995,0
3140,7.204490406681181e-05,0
2300,0.000186213573530978,0
9081,0.0021115995187305087,0
5956,0.00017726970396144897,0
7768,0.0006041195513451481,0
498,0.01912197502859601,0
5564,0.0006202370947088361,0
9492,0.008665100408724565,0
2111,0.0012000594030161362,0
6136,5.6336556374382645e-05,0
8948,0.005075766156626977,0
7347,0.0003898066287616807,0
888,0.00011991243985730368,0
4141,0.00016926878201188174,0
8169,0.002919502710588403,0
5233,0.0004334667107402776,0
7535,0.004383946439663324,0
1126,0.0004676662766278771,0
546,0.0003473404331378715,0
4946,0.00046804117871115404,0
1839,0.01018922321507536,0
6078,7.658872280084892e-05,0
3998,0.0007249308290559476,0
2986,0.0006823564435847632,0
2851,0.009161784719887621,0
7747,0.0008781298261874301,0
5144,5.238469324166597e-05,0
4892,0.0003997705908044558,0
8250,0.004592796110537395,0
1149,0.0004556219942471389,0
8968,0.004663688025868482,0
8461,0.003343633638537331,0
761,0.000922570549191061,0
2637,0.0005084978230898441,0
9319,0.0007706612435177643,0
1743,0.001569190538849088,0
2732,0.007666811717458455,0
744,0.0006178405202250618,0
4775,0.005182404495965877,0
6789,0.0010552584134945055,0
572,0.0028978390708381957,0
7175,0.003248984946076785,0
9351,0.007677407150031262,0
9582,0.0030532511661152373,0
5590,0.0008938328811323708,0
4153,0.0006173739864869433,0
9237,0.0030708632053890405,0
8055,0.007057787292140603,0
1580,0.00940615931806971,0
8228,0.002169680385471306,0
1579,0.0011740701054244306,0
4826,0.00024288624844012933,0
9266,0.012123586910048258,0
5408,8.184500449737631e-05,0
2771,0.0008315205379983127,0
6251,5.3472086331977244e-05,0
6818,0.0016177141377738467,0
6000,4.8148051687905055e-05,0
1808,0.052131603080446426,0
3952,0.0003341521385781801,0
3100,6.049298256281457e-05,0
6664,0.0001279273131100622,0
5004,0.0003482925918055774,0
4185,0.00012432533828714688,0
3472,0.0003948790057144663,0
5942,0.0001256160788100931,0
9256,0.0024908954709460533,0
6201,0.0005029877365708836,0
7436,0.0036486971522160013,0
3785,0.00013731278577159986,0
7632,0.004708140678336035,0
8012,0.0005835147360429118,0
5063,0.0004425762191380393,0
4211,0.00010202845117605643,0
2082,0.05536679161263405,0
9383,0.007898374569087267,0
1491,0.00026966667434238245,0
4680,0.0004697342724206843,0
2903,0.00982836155846181,0
6883,0.0017538213663655388,0
4696,0.0006509911924396897,0
8966,0.007665705688587979,0
4612,4.491630858513346e-05,0
2904,9.676989339294423e-05,0
8038,0.008033091333233242,0
1499,0.04730833298754289,0
4964,0.0004976331286763336,0
5178,0.0002336795319507239,0
369,0.0002176586154391841,0
5488,0.00033278302941458856,0
9546,0.0066897722684371545,0
8103,0.004629711557273702,0
641,0.001005751313707567,0
4986,0.00013199668864082812,0
5998,0.0003819756217463852,0
9291,0.009852117428408212,0
4281,0.00018441221996182724,0
890,0.0004225602805708744,0
5232,0.00010702098510102885,0
9597,0.004636650785454276,0
6749,8.260946266683424e-05,0
3490,0.00030402378171297706,0
5649,5.987126601327213e-05,0
8511,0.00311990790014727,0
6495,0.0005164649184932267,0
3488,8.812657938277124e-05,0
5294,0.0002857978807709488,0
1033,0.0009471727112545234,0
5274,0.00040934250520541335,0
7720,0.0047043905715518355,0
445,0.0020525678661859614,0
5026,6.050835120092769e-05,0
6581,0.0005206347966123418,0
5876,6.318419967846325e-05,0
5190,0.000386393379751468,0
5210,0.00021409198633287396,0
3103,0.0010632544051607387,0
3544,0.000417113515051639,0
4194,0.00015815620667911903,0
8144,0.0063446584487625345,0
6580,0.00023983879293117537,0
7627,0.0004480937305767352,0
5142,0.00019092667139912296,0
6679,0.0007287044893829905,0
567,0.0008105715411392222,0
1954,0.0010538148596071235,0
3901,0.007508743681199391,0
1599,0.0005492899823698565,0
8564,0.001079955486858745,0
4694,0.0009099823530493686,0
6534,0.0005307652539948228,0
4044,0.00039668831275940444,0
799,0.0009016442550473855,0
8386,0.00015440835203037537,0
5010,0.0003585412278559953,0
3371,0.00112044027534333,0
9120,0.003940279112212464,0
1849,0.06227234793009649,0
6314,0.0002962767475086661,0
1988,0.000547474592679499,0
5842,0.00020056460115687452,0
3955,0.00045749686274781584,0
2350,0.0008805611734701788,0
5531,0.000854762891783094,0
5559,0.0007435784303927029,0
2439,0.0342904360656052,0
8371,0.0016018798948555903,0
3494,0.0011981592577253565,0
1871,0.00011020660191974335,0
2946,0.0006000774701343031,0
2058,8.858714821809185e-05,0
5740,4.108861443263039e-05,0
4008,0.0004820227604289439,0
7573,0.0020336297367732283,0
1119,0.00033363436870284253,0
1697,8.47619657193145e-05,0
4274,9.148495885636744e-05,0
3669,0.0004141781904893518,0
2091,0.00010067021171216417,0
5538,7.251688812538821e-05,0
7955,0.0032520891944363296,0
7491,0.007263591301773937,0
2554,0.006847005320960386,0
1399,0.0002801709114485588,0
8592,0.008597660486812146,0
6159,5.666654068635155e-05,0
6508,0.004870900108844208,0
7713,0.0037184180788504212,0
1796,0.005182404494863746,0
257,0.0005544983427942921,0
3744,6.0452056271076906e-05,0
7429,0.005339888578646625,0
5733,5.018810094336093e-05,0
3047,0.00136072653526055,0
1077,0.00046656492871547756,0
2323,0.002835688886896946,0
1582,0.011302080245351162,0
3525,0.00012343906125241024,0
798,0.0012437124068096189,0
1885,0.0005492899823698565,0
1138,0.0008976028465571535,0
8937,0.008254045428256694,0
3593,0.0005832420833208463,0
4555,0.00029668006598501727,0
2931,7.381626617725942e-05,0
1882,0.00770345840234171,0
5569,0.00023289242234427653,0
3557,0.00053586394812959,0
646,0.00031891330090365213,0
5113,0.00012772276779767254,0
6304,0.0006839186326679518,0
8411,0.004251323668441425,0
2588,0.005182404501257473,0
6036,0.0004039693198091677,0
1367,0.0001578694218919564,0
3076,0.00011492112989253624,0
7771,0.0005858542633539648,0
6140,0.0044771587910674366,0
8798,0.003235142739996248,0
2893,0.0003006345297044202,0
1038,9.857503924562663e-05,0
6185,8.656608570939173e-05,0
4061,0.0002836514652747403,0
7973,0.004976170395718606,0
6996,0.012668531542195523,0
3249,0.000833825648576545,0
4292,0.00034532268208295144,0
3878,0.003478272409919662,0
4516,0.0003905283490218486,0
4810,0.0006628242093784449,0
5108,0.005280751074852397,0
5496,0.00010116882233059704,0
4839,0.008783269480922505,0
6310,9.484711073642858e-05,0
6466,0.00033721297885151344,0
819,0.009224861176520383,0
1251,0.005182404501257473,0
4395,0.0003460644323083295,0
1533,0.005182404494863746,0
3382,0.0002691830069652415,0
4065,0.0009430702003089832,0
7782,0.002810574036442154,0
3172,3.7272867250947636e-05,0
7375,0.0030117334909385758,0
3133,6.862288142048706e-05,0
2143,0.006697295168047548,0
3782,0.00048574326783627493,0
4075,5.71986988626637e-05,0
8865,0.004249842667403387,0
1480,0.004105416597722063,0
9243,0.0008292759814736387,0
2873,5.8873993060460195e-05,0
3309,0.00032442163568771316,0
7508,0.001960813954072907,0
5160,4.4426785245856604e-05,0
2595,0.0019501312425385337,0
3007,0.0004675052730910168,0
805,0.001591631231423635,0
2088,0.005182404494863746,0
4909,0.00010069585036164239,0
1586,0.008950700444626215,0
6303,7.638400158958345e-05,0
2427,0.000740821241941654,0
4972,5.469649449530814e-05,0
4776,0.005182404494863746,0
8191,0.009566464052717698,0
9035,0.0037222474133258307,0
6423,0.0006022108896618977,0
1895,0.04743031837948261,0
2583,0.0005544983427942921,0
5243,0.0007957799035879227,0
8151,0.006817437505522994,0
9074,0.04324834309115869,0
3989,4.958166269589574e-05,0
8579,0.014203837468286249,0
4467,4.1160482859830196e-05,0
1271,0.00033736683995550464,0
322,0.03924318591084625,0
3277,0.00039300014843956393,0
6725,0.00010786665926588993,0
6531,0.00018105474940397206,0
8576,0.002542833038849139,0
1296,0.0005606285428333969,0
8792,0.002532862922731321,0
1350,0.0011966177017632541,0
4940,0.0001091823970044466,0
1449,0.04611176641289939,0
7641,0.0009448973215231299,0
4802,0.00020319041812024666,0
5849,0.04630558572047047,0
439,3.7886484000175214e-05,0
9588,0.002304848664338461,0
7959,0.006694198702953457,0
8718,0.006033775818020242,0
5021,0.00010643987540437703,0
5047,0.00010246085453387218,0
7470,0.0027438959548242116,0
981,0.0001013540811401654,0
2675,0.0028320056812079233,0
524,0.0016320801894716805,0
6460,0.0006810755470210594,0
3125,8.24615757175575e-05,0
3376,5.698802689097549e-05,0
3189,0.00018380056662657866,0
1066,0.00048520890970250304,0
7605,0.003609164875787595,0
9315,0.003756355068179806,0
5159,0.00010571688208186891,0
2455,0.00016300292306138992,0
6324,0.00036291727726246064,0
3158,3.7254038607457745e-05,0
1843,0.005182404494863746,0
603,0.0025050406352055757,0
5001,0.0003999402689255193,0
5331,0.0003343178357282713,0
1483,0.0005476950546911876,0
248,0.005182404497233447,0
4691,0.0008001619524323953,0
5788,0.00026049668258040835,0
7234,0.0018575053958396288,0
1892,0.006540619605788919,0
3740,3.798583331202848e-05,0
3192,0.00020735918772653872,0
9217,0.011129352748276027,0
6360,3.852279705898615e-05,0
5679,0.0001673365254812646,0
6183,4.8080624174712994e-05,0
2969,0.0002715641211198608,0
8677,0.001987311327270584,0
9462,0.000550385377548801,0
2784,0.0015392419969365906,0
2335,0.0016712492720892056,0
1659,0.052131603080446426,0
1946,0.000552940602461418,0
6709,3.726554138528873e-05,0
4192,0.00023694677243048536,0
2515,0.0017532027175024116,0
4296,0.0007033949650072961,0
938,8.718922293083855e-05,0
3825,0.0008860364481430847,0
5069,0.00044625618307006314,0
8444,0.0011518399814450173,0
1637,0.00024140353375032305,0
8621,0.0031457956345507933,0
8952,0.002198773579317117,0
5033,0.002299795629164914,0
5486,8.897320397617483e-05,0
8837,0.004760133397102547,0
8426,0.004211950652479543,0
3085,0.00019794612481842746,0
7351,0.004776831189386878,0
3128,0.0008257138259954311,0
6302,0.0005942244774151508,0
2740,0.04969807387887329,0
5273,0.0004560469108845148,0
6398,0.0001548681591200382,0
6876,0.0015556299815253217,0
3307,8.266490477931514e-05,0
6196,0.000622809598151361,0
9179,0.0019399274525803828,0
3241,0.0006489918413469677,0
1041,0.0010466996942656193,0
2179,0.0005486232904532855,0
6048,0.0005181482514995321,0
6110,0.000689293195714997,0
5606,8.277153664278316e-05,0
7520,0.00042921623151048836,0
9082,0.006641895528953969,0
7766,0.0017479992418690433,0
8173,0.004293162797656247,0
2615,0.006924211570450564,0
2260,0.0046152402339754124,0
5520,0.00040181565468202693,0
2237,0.00021288692825326513,0
5620,0.00020170703513347612,0
905,0.000421236181515106,0
8334,0.002991386477507491,0
5075,7.629053015123082e-05,0
8540,0.0019575900836855883,0
2158,0.011062432825902305,0
8251,0.007647631492297193,0
748,0.0011785259295691952,0
3390,0.00114953328483839,0
6278,0.00011553299237327487,0
3484,0.00011226370178371166,0
244,0.0004633037404241011,0
2413,0.00048756177933668835,0
5658,0.0005644748626316796,0
8741,0.0007288305655748595,0
2167,0.006697295168047548,0
9339,6.210175615849485e-05,0
9480,0.0065608255927189,0
5268,0.0009944478278379686,0
7883,0.005337337074391196,0
4375,4.744926280867027e-05,0
7922,0.0061054456577997965,0
784,0.04069137869750523,0
2891,0.00034543770700537176,0
919,6.026872220483906e-05,0
5989,0.0005008767627442285,0
7574,0.001300209409985738,0
2256,0.055754501253991874,0
3438,5.5998308950315914e-05,0
4613,5.8526483538846836e-05,0
150,0.0005119389833605168,0
9305,0.004512109366012354,0
1429,0.0005646208149879457,0
9436,0.0028053029616628617,0
2283,0.003212930279634996,0
5768,4.019415780536093e-05,0
6248,0.0010861111936202358,0
5431,8.367912438452697e-05,0
8923,0.008405150271114655,0
4020,0.0010706249966436203,0
5167,0.0001537634921299046,0
893,0.00027297393096243234,0
9174,0.004757523980564538,0
2423,0.004066428199579152,0
3364,0.0005048683863265912,0
8101,0.008344805155037993,0
3333,0.0005195973844487895,0
1484,0.0751889118379563,0
7490,0.007561106375345771,0
1638,0.0018592513922496997,0
7136,0.012759068152726217,0
3357,0.0007252550520413947,0
8803,0.009208316854222904,0
6379,0.0005438344922424817,0
6280,0.0006576362501156382,0
5083,0.00011394875747316873,0
7772,0.0006656463112313184,0
5459,0.0009602487697485307,0
5891,0.0032108097406894584,0
4549,0.00031331883863268384,0
3372,0.0004663518548325724,0
3873,0.005069513330030849,0
1131,0.0001267455978381888,0
4627,3.885773888890714e-05,0
2120,0.0006004983037986755,0
2401,0.00534789082366365,0
7303,0.00012814889445647698,0
4457,0.00014452482503679942,0
8514,0.0098642337853718,0
7213,0.003063412706515096,0
2926,0.0002296629057779676,0
1335,0.00025012718879773537,0
3139,8.406960934591514e-05,0
5472,0.00012797542348107855,0
4942,0.0009419524966577174,0
9493,0.007405140524495253,0
5292,0.0005005444020724164,0
6255,0.0011071756514671688,0
1654,0.005182404495965877,0
8329,0.0391092733944202,0
7180,0.004717107063719383,0
7928,0.0026968698263182076,0
628,0.0012841335538338954,0
3233,6.291169500851345e-05,0
3845,0.00028792473652764703,0
4056,0.0008046897384008302,0
1161,0.0004994724746931848,0
1748,0.0010420991140991957,0
8053,0.006524550944555551,0
3208,0.00028618034335574805,0
3418,0.0008645558394180326,0
1799,0.00665878357502327,0
3171,5.922255267463286e-05,0
337,8.998714193818221e-05,0
3578,5.2779981069979905e-05,0
9551,0.0032151020909498926,0
7589,0.0036247747885093454,0
6673,0.00040357441303228857,0
6528,0.00011435400328702881,0
7015,0.0020254276224208044,0
5656,0.0004244280105587663,0
4561,0.0006222156824137872,0
4844,6.371732179683434e-05,0
9452,0.004753924241612317,0
2464,0.001560097261630849,0
9353,0.004686764957893728,0
3527,0.001123577285345181,0
188,0.0005634244289275279,0
6025,0.0008848358988073073,0
2738,0.00028791156602498655,0
797,0.0004465614246367751,0
2415,0.004772346466918873,0
5316,0.0041157313336298885,0
5948,0.0001130530401655304,0
6939,0.0015343265174472824,0
4743,3.872583376360199e-05,0
7140,0.01450759124108,0
1248,6.75778389032827e-05,0
7882,0.0005195840227560582,0
192,0.0006464660257436422,0
7572,0.002018766099904554,0
9533,0.004373646050410776,0
2752,4.168356776769959e-05,0
9544,0.0007520673566346574,0
8927,0.0032381297459880168,0
4147,0.00010054197629432335,0
663,0.0012719695712286887,0
8451,0.0074769179075007365,0
6692,4.613632373864155e-05,0
3388,0.0005600534210557064,0
1087,0.0008109947719485452,0
3773,0.0007558594776705907,0
2454,0.0005781496198817381,0
1778,0.0003285537791688609,0
2514,0.0006208771043905585,0
4723,0.00039022711355938156,0
5244,0.0010728826344320302,0
5417,0.001096666218179259,0
8739,0.004604553334326639,0
3019,0.0005678390650773349,0
4996,0.0003113341901018556,0
5198,0.00022370613476499718,0
8460,0.0023144443622641698,0
7607,0.000617870707925411,0
1004,0.0004433020769034912,0
8535,0.002434449331675618,0
4701,0.0004510538444009791,0
1379,0.004377447524154917,0
5248,0.0001167238731224005,0
9458,0.004626006527146429,0
774,0.0011719279354453235,0
7324,0.0007342971165311766,0
746,0.002427135464904205,0
8905,0.006692996434468027,0
1572,0.010141072531527148,0
6822,0.0006056947317576753,0
7820,0.004162699290260929,0
4819,0.00044733573298387296,0
1130,0.00018070900109992195,0
2055,9.31704254669333e-05,0
3974,6.99668318237385e-05,0
4871,8.373034686456044e-05,0
8898,0.007603070697792679,0
5364,4.2309955070504146e-05,0
7443,0.0004067042106589426,0
7072,0.00018230178931621157,0
1446,0.0005583428349824162,0
1024,0.0006134364435207196,0
920,0.000220168878973276,0
2857,0.020662810113093184,0
6968,0.005182404497233447,0
2636,0.004950495134919459,0
8264,0.0005836161119386446,0
1982,0.005182404495965877,0
2895,5.5854308276506465e-05,0
1980,0.0005479002008336151,0
6843,0.0014335505240471672,0
3734,0.00012808209663736365,0
5199,0.00040150567709410835,0
3087,0.000556975074056345,0
6858,0.0007337412579869994,0
7536,0.000880620747656023,0
7149,0.012969999840959177,0
1578,0.0006884266089069959,0
8197,0.0008142959971664844,0
7529,0.00074750152436528,0
7061,0.00011575563857758249,0
806,0.00010711626083648301,0
8014,0.006001336600984054,0
5715,0.0004394841970335205,0
6215,0.0005198544168589489,0
6741,0.00048185062262410486,0
3643,0.0001396453463816341,0
8092,0.0012231277565978899,0
7170,8.670096898385444e-05,0
229,0.010974685242888091,0
7288,0.004503743949188934,0
1692,7.706456460065127e-05,0
4583,0.0010835661369508164,0
1294,0.007824071673601198,0
2024,0.0003948597348309229,0
6906,0.0015094532692593013,0
5854,0.00037851280437388126,0
878,6.850947868825451e-05,0
8765,0.006697295168047548,0
368,0.00018083213514646942,0
4399,6.966581748608726e-05,0
421,0.0013801964589727944,0
8874,0.0013572878870308286,0
537,0.00019876123250993808,0
7240,0.03954176835347879,0
7368,0.0023718094893363413,0
8047,0.002571869701016951,0
4157,0.0002497499699377865,0
5674,0.0008178764622569266,0
3729,3.9244235578312926e-05,0
8724,0.002465342354960513,0
3237,0.001127831342776105,0
167,0.0002466325043342134,0
8900,0.004504908456058195,0
7804,0.0021275664523777945,0
6141,0.00012703850892917333,0
6850,0.005376493432874369,0
1503,0.006204958532588907,0
6659,0.0001557703702775185,0
2967,0.0001284281171543826,0
4853,8.26879967449674e-05,0
3521,0.0007407432590757386,0
6533,0.00027908550169528936,0
3721,7.081526557656782e-05,0
8610,0.004631267556028287,0
3029,0.00036357624007151893,0
2688,0.00025688032870139794,0
3581,0.000483150793916617,0
514,0.00015510365183353156,0
5802,0.0008670562484143675,0
1129,7.597646523090655e-05,0
442,0.0003570965300927192,0
4528,0.0006791317367351716,0
3949,0.0012731684296809532,0
758,0.00025702117654772746,0
218,0.0005525411578889754,0
5428,6.429994712288135e-05,0
1018,0.0005334864368130571,0
1852,0.0005632323835555912,0
3460,0.0003202527208181204,0
6208,0.000833303154783016,0
5894,0.003308573318428736,0
827,0.009276440809574977,0
4798,0.00031418113223787296,0
1949,0.00015884377034807332,0
2353,0.0003930183594154286,0
3833,0.0001640126571533651,0
2008,0.0017229437540439098,0
8680,0.00833864069700608,0
1151,0.0001380785734265484,0
2943,0.00042934921599043657,0
7618,0.0010426318151617639,0
451,0.005182404497233447,0
2610,0.0038284650939039255,0
5830,0.0003328770979603226,0
3732,0.00018323546831183803,0
8241,0.0046587428804306325,0
8520,0.0007285323750147933,0
4335,0.0006639799044914633,0
988,0.001165995009907429,0
3456,0.0008386628854330158,0
1979,0.000942650735183741,0
4846,0.000547499025428924,0
9139,0.0017854596936212465,0
5175,6.076636145066308e-05,0
7392,0.0031295517732628847,0
4832,0.05454650243194132,0
2200,0.004386507132296553,0
6639,0.0011406194932976844,0
4937,0.00016877504857876977,0
555,0.0015210947174144228,0
4854,0.00029363094012810033,0
583,0.0012064765053188765,0
6575,0.0005022233539201625,0
7868,0.0019336746150658776,0
2850,0.005182404501257473,0
4151,0.00039053304228148824,0
1841,0.0024870020433150866,0
2369,0.00017934508393414866,0
6765,0.0003551340811177541,0
5827,0.00017316588379064383,0
6842,0.003083785831431434,0
3641,0.0007073919095536532,0
4402,4.3286476602748944e-05,0
3475,9.079074056175491e-05,0
1707,0.0006643338877488047,0
1896,0.007730077403120598,0
3720,0.0003783620846711664,0
8969,0.004596900790777822,0
7284,0.00021358732403032837,0
5383,0.0010887938086415528,0
7825,0.003110869057028822,0
1234,0.002991386477507491,0
5115,0.00033790342830339836,0
121,0.002790566747469483,0
3463,0.0010752126446859323,0
204,0.00033806650430925623,0
8112,0.0005479613133445517,0
5368,0.0001480646678041613,0
2279,0.0002410343572507665,0
7271,0.00010900469352663266,0
3662,8.149453803369083e-05,0
9382,0.0013173224458390782,0
7729,0.004651637846632241,0
8375,0.037941792857498276,0
6953,0.041416420577963686,0
598,0.05543734830780136,0
7989,0.004666730937856078,0
2357,0.0018539299221773619,0
8265,0.0177126847445157,0
9437,0.0038257539000726517,0
6525,8.684275334512937e-05,0
7523,0.00470362410411937,0
2178,0.0005519090104642992,0
494,0.0008020688352279193,0
4742,0.004306170823222976,0
4777,0.0003375373694348461,0
9095,0.0046272465758391106,0
6281,0.0005201384783613064,0
8616,0.004870436647245784,0
9304,0.009395773463703289,0
1352,0.0008203905420776225,0
2835,0.0003608131317859216,0
4922,0.00016652399896992665,0
9549,0.0005617109521067246,0
2513,0.0010526120425487597,0
6940,0.07792471073017031,0
1425,0.00015104751418458217,0
2154,0.005182404495965877,0
8670,0.0018747947877948623,0
5357,0.00012097925456442169,0
887,0.0005159294595695406,0
4295,0.0004535787989580897,0
7576,0.0385725907755331,0
1309,0.001384295348004017,0
4754,5.236800292629968e-05,0
8154,0.0057632026333852,0
5587,0.0007860333926485706,0
8342,0.002157663601952257,0
8380,0.00023296945014900344,0
7334,0.0070170499444660505,0
8349,0.048974227660982715,0
4304,0.0013917726691042502,0
490,0.0014196160182019628,0
6157,0.00022965631067715695,0
2007,0.0007796069777137415,0
5509,0.00045341978523312867,0
5663,0.0004350983056131394,0
1809,0.0012163767421808267,0
265,0.018041651616111813,0
5522,0.0001560397215232114,0
7896,0.0006225552000627555,0
495,0.0005586441943183586,0
7762,0.010797754238500639,0
474,0.00013866672189065187,0
3779,0.0005020190550992245,0
4503,0.0001062899816724623,0
1420,0.04531324816996469,0
521,7.597285360479237e-05,0
334,0.00518240450015487,0
4265,0.00011639592124547857,0
9307,0.007688317887737248,0
2139,0.0005183294530722439,0
3194,0.00011405495235129399,0
3211,3.955767948832087e-05,0
4055,0.00040657695741463045,0
8942,0.004116380993278514,0
4725,0.0002781534296934567,0
9026,0.0017034783727452804,0
7878,0.0005209052622016519,0
4290,0.00014793440019673262,0
8408,0.03425968840965151,0
5376,0.0001792813184900519,0
3768,0.00034110252226943,0
190,0.00033330367353679596,0
4698,3.7588409268254635e-05,0
4625,0.0005229055419910115,0
9062,0.008365725057272184,0
6095,0.0013951612707586475,0
9415,0.003173323394049039,0
4791,0.0005611245988974123,0
2755,0.0004845012717453695,0
6369,8.675585309869384e-05,0
4675,0.0005961827639300492,0
1377,0.00037451025072448137,0
5456,0.0005616657359343708,0
9031,0.0001856558815728331,0
9200,0.004710030460506695,0
1621,0.052131603080446426,0
7717,0.0076926673966051795,0
1788,0.0031425950672639555,0
2301,0.0014113498986844499,0
4658,7.149174931177289e-05,0
854,0.0003441757579343316,0
1897,0.008114863858339125,0
1712,0.0024870020433150866,0
7298,0.006181551729176373,0
5077,0.00010966322218129498,0
4504,0.0001292735568666581,0
766,0.003115504474058133,0
4483,0.0011401572755072623,0
426,0.00040526593374339676,0
976,0.00036414659019223816,0
8162,0.0025446003582425256,0
8345,0.04077925344317534,0
7242,0.006166026912375113,0
1672,0.00024466774785342226,0
8000,0.008888595424603813,0
6118,0.00020391156648222818,0
5265,0.0010955819015191614,0
8097,0.001161799353904436,0
6985,0.0005658874175027851,0
8977,0.0006709825797039326,0
7085,0.0030334334525966723,0
1102,0.0006179020991161932,0
2479,0.052131603080446426,0
9333,0.0044727484320257575,0
8159,0.006835369074824488,0
7963,0.008512670944580667,0
1207,0.00017803124865672037,0
644,0.0009581783146630984,0
2606,0.002709672285269571,0
7773,0.000524007651617127,0
9102,0.01080195142115679,0
7402,0.001555757779723854,0
3120,0.0004126677240337683,0
3255,0.00025234216961036033,0
6492,4.1597070735735095e-05,0
497,0.00015401729921291155,0
5051,8.56504311355516e-05,0
8060,0.0027510200602098847,0
984,0.0004900680010573705,0
1953,0.0012960048491081617,0
6949,0.0005248131015463414,0
9484,0.005372264117837272,0
6596,9.281964068380797e-05,0
5040,8.214485816639917e-05,0
5171,0.0006261831029445997,0
5148,0.00013323675598740433,0
6358,0.00013995361274393318,0
1554,0.002816810026535929,0
8871,0.0007939931048528821,0
4100,0.0002012712781818203,0
3124,0.000974140284408273,0
903,0.0011274027559307156,0
2333,0.0005799151350741462,0
704,0.0005997089659510387,0
1012,4.51613551137017e-05,0
5684,5.895854688289128e-05,0
1050,0.004318120835079488,0
3069,0.0007806748317197476,0
925,0.00011001402536314294,0
7944,0.003410111844798747,0
7914,0.0032462256965193744,0
1404,0.052131603080446426,0
4018,3.9360971751189786e-05,0
3854,0.0003713907236621525,0
8546,0.0026593105418169904,0
186,0.00011009437588352014,0
1183,4.090161107752636e-05,0
5365,5.1730298283394466e-05,0
9140,0.004431264563762897,0
1285,0.049336219957432585,0
6959,0.001542315045526005,0
7419,0.005470472462560567,0
4514,0.00044273297698239737,0
1551,0.005182404501257473,0
317,0.0016535131893462974,0
1214,0.0012029694045169242,0
6243,0.0012035227539181083,0
2932,4.89985762195059e-05,0
5588,0.000124207524773851,0
7195,0.0006753250896226582,0
1922,0.0002357012081373539,0
1174,0.00020786590651744062,0
1515,0.0012960048491081617,0
5582,0.0009535846967438946,0
891,5.5732461765011e-05,0
8940,0.00781196390864897,0
6494,0.00019003108732786164,0
4099,4.825889907856815e-05,0
8090,0.0007360480010743683,0
3522,0.0005492742754836034,0
5003,4.571510357479964e-05,0
530,0.0038931075197848014,0
4121,0.000624655349588546,0
3666,0.00028370210587112484,0
7176,0.0013893736641459366,0
4114,0.00011021980346609925,0
2585,0.0005488372627520945,0
6066,0.0007434843163417979,0
4899,7.782008150004656e-05,0
9641,0.014250818162907328,0
8955,0.0005988780786681956,0
382,0.00036266838583654725,0
2983,0.0002474290894127555,0
9600,0.013248922338797313,0
809,0.0001915326385476549,0
4566,0.000180645521856324,0
7851,0.002543881866069851,0
6101,0.00011168179575028552,0
2664,0.00017101005627098522,0
8039,0.0033628146648578983,0
1556,0.00022927363781372173,0
1756,0.0007651434409401638,0
5560,0.0011505003998926295,0
491,0.000511667804375372,0
4403,0.00033090727647134465,0
7110,0.0009430238962556314,0
8806,0.009240113126986353,0
7161,0.009447464549515144,0
8273,0.010420714039356956,0
7503,0.0002101939215488645,0
8631,0.0006130528680196906,0
1811,0.0005478896157285613,0
5811,0.0008841158514641466,0
1482,0.0037054290860667896,0
6420,0.0003307789765661715,0
6991,0.06764172444351974,0
9412,0.00627057706059516,0
5934,0.00014026866792077346,0
978,0.055367340951668696,0
5209,0.00022915626884659077,0
3232,0.0003660108393838453,0
6853,0.001373940236797707,0
6524,0.0002281288168861034,0
9413,0.0031558383716893527,0
2874,6.088684448488097e-05,0
4334,0.0009905952519962033,0
4412,0.0002607563305454663,0
6926,0.05542190242862625,0
2448,0.001955609589962628,0
970,6.790266729821332e-05,0
6441,0.0007248688370180621,0
2776,0.0007435537059552551,0
3436,0.00035663735967263297,0
4300,0.00031047405957345,0
5901,0.0002385637457355574,0
391,0.005182404495965877,0
506,0.008690977755995262,0
791,0.00030739435230521333,0
1959,0.0001460355128234961,0
7219,0.0384758004298874,0
7837,0.0009201537042531839,0
7192,0.004003166640387708,0
2198,0.01390038339932005,0
1859,0.0005714742564521757,0
4690,0.0004355989411636768,0
9647,0.0014875485959181276,0
8810,0.006225627966648714,0
6509,3.726188841807321e-05,0
2378,0.0006856844149146786,0
1208,5.993635615858894e-05,0
2980,0.0002227767371544577,0
2265,0.00024267458974902296,0
1314,0.052131603080446426,0
5511,0.00047873838057804004,0
8428,0.004771095332410769,0
5833,3.727694666575421e-05,0
7809,0.0007759982879258795,0
267,0.01273440820622516,0
6976,0.04529761588351075,0
5194,0.00026827002133898606,0
9085,0.010635513201746412,0
2327,0.00017655720341423252,0
6965,0.04277348768794479,0
367,0.0006657445365674751,0
4907,0.00029896377024392676,0
3506,0.003891787682714817,0
2252,0.00272488393001726,0
3518,5.698404851616929e-05,0
9548,0.0012960050634558216,0
4941,4.5264338316348425e-05,0
8035,0.0007759703274603224,0
6824,0.0007998265234223415,0
2269,0.0015164336658507898,0
8601,0.035324480079939984,0
3535,0.00012594611906231677,0
8020,0.006595117907286666,0
1777,0.0011447586478428363,0
1193,0.0005637981627883297,0
7836,0.0009145586052151833,0
7735,0.0013572934025347621,0
7855,0.002254005761211077,0
8414,0.002808142734102521,0
2867,0.0005487289305625833,0
9595,0.0032286706653981007,0
396,0.00011571053344459658,0
7074,0.00012059095519993843,0
3975,0.0002522244289794741,0
3857,7.605408636577831e-05,0
8884,0.0005383412027300745,0
6449,0.0001689175863957223,0
9357,0.00783711164620223,0
1344,0.00031041521514856105,0
865,0.000683954252380958,0
7978,0.0021814882898337907,0
5647,0.00016713297568047628,0
7723,0.008007812228432672,0
5721,0.0003125921850577411,0
6718,7.048363995717995e-05,0
714,0.0003653521472919038,0
4856,0.0002527621165635976,0
5572,0.0010489343567802489,0
6391,5.897678141992894e-05,0
7247,0.0030295862671897308,0
8532,0.004159764512262835,0
8122,0.00550962716419422,0
7767,0.004400856414026146,0
1333,0.00032576269893846803,0
7221,0.001530406916770829,0
5734,8.523946802531708e-05,0
2168,0.0010373192635894318,0
2594,0.0005476850088886862,0
3552,0.0004904873954249256,0
8982,0.0144157498720925,0
4540,6.635635626754183e-05,0
452,0.052131603080446426,0
3160,0.00022608253324439057,0
7506,0.001972750366974881,0
1658,0.0005567354314275469,0
2977,8.063347359249106e-05,0
7378,0.002711063490682456,0
4030,3.7517840042590346e-05,0
3113,0.00015053658006561267,0
994,0.0015719051031372706,0
5372,8.868560156570075e-05,0
2196,0.052131603080446426,0
2467,0.03989623146834506,0
2014,0.014087370279922743,0
5042,5.877845563820868e-05,0
3032,8.103312174146631e-05,0
5782,0.0002706339641126863,0
9282,0.007174295367501696,0
135,0.00021176670902101546,0
1434,0.0005520357432209239,0
1256,0.0093492985434298,0
4616,5.492229847707499e-05,0
2681,0.0005580538443993305,0
9557,0.005187173313281174,0
2131,0.0003164206254706771,0
5208,4.039161494648691e-05,0
9132,0.01855731875385858,0
3841,3.91928646432568e-05,0
3200,0.0011744101396533135,0
3454,0.00012141923697445922,0
3718,0.00019351456658225268,0
1368,0.0006406604581716283,0
3449,0.00013206952616298337,0
4825,4.1601879786751145e-05,0
3400,0.0002654867345836011,0
6138,0.0003591332521460053,0
2743,0.008493897679423776,0
4732,0.00015434584565100063,0
2816,0.00034626872582887893,0
2282,0.0022294521170460233,0
611,0.00027304250343168374,0
5690,0.00018931926291595221,0
8551,0.004060438405242776,0
299,0.0013076739778874638,0
5877,8.576345560375387e-05,0
8662,0.0038920814885745167,0
8189,0.00952873157015588,0
8787,0.0009494974109819628,0
2652,0.0001241655477950209,0
7664,0.003975210410701125,0
2725,8.348419961238153e-05,0
954,0.00021687878315454414,0
5930,0.0003612822831812267,0
2765,8.772187086630256e-05,0
1184,0.0004818510660568884,0
4146,0.0005578730482680602,0
5287,0.00033780893854558027,0
935,0.00019161431513059902,0
1833,0.00483644852260231,0
9075,0.002293890949736039,0
7397,0.0028429401023303954,0
340,0.004669748347017187,0
5080,8.660234179986697e-05,0
433,0.0007453461030925812,0
5993,4.0756093027288476e-05,0
6298,0.0003670965307909633,0
6832,0.002309105146502947,0
1740,0.00031478072587151417,0
9248,0.005182404497233447,0
4805,0.000406250527957736,0
939,0.00012389652063327504,0
5446,4.816380291777368e-05,0
6104,0.00040796045016397507,0
845,0.06864417801280326,0
1542,0.052131603080446426,0
2100,0.004149264888824688,0
540,0.0033106886002609937,0
3335,3.770231186668061e-05,0
1226,0.0011088415012395123,0
908,4.613628871161918e-05,0
3468,0.00020670591013109552,0
6537,0.0002280719931864678,0
3539,0.00030915667984095945,0
2096,0.00032969788501153226,0
1813,0.0018219124245695663,0
6646,0.0002572884360962651,0
7875,0.006212422085716882,0
5451,0.0004943315549402411,0
1426,0.0008278935391124195,0
1396,0.042069166721644076,0
381,0.00010691341383978138,0
3903,0.001278709739351404,0
6079,0.0001267433729855104,0
2015,0.04720373105112261,0
5586,6.708602774027473e-05,0
8761,0.0017260299322299168,0
6739,0.0004933132579380165,0
7741,0.00456007928020019,0
9025,0.0013240912599310445,0
5964,0.0005028110538354232,0
9440,0.052131603080446426,0
558,0.0032471365030020283,0
2694,0.0021708692937706937,0
4881,0.0001633259054195053,0
6192,0.0006360632045520478,0
4474,0.0004061045948328073,0
4357,0.00020854745692144622,0
2699,0.00029373617102621284,0
7308,0.0004525735613811368,0
1710,0.0005602183690628658,0
3383,0.0005613076319232526,0
3508,0.00024040827660461533,0
8619,0.004810445860991175,0
6198,4.7920330803419036e-05,0
3205,0.0005633296134555249,0
3489,0.0003544121935147486,0
5480,0.00012007346034902244,0
1732,0.00035490957645508244,0
4477,0.00018025716337248388,0
2106,0.00010459983070222796,0
1577,9.7042618644485e-05,0
3757,0.00044123024298352846,0
2280,0.00011338732090265435,0
5295,0.0005646963179635049,0
9337,0.0048654324437307885,0
2253,0.0011610084747720841,0
8754,0.001864421650568255,0
9004,0.005896745301242669,0
776,0.003978351838307734,0
1250,0.04026010875047666,0
9001,0.004681691347342636,0
7090,0.0045935185245936224,0
8666,0.0024977367008210214,0
3289,0.00022225387718345332,0
4768,0.0002587677244870308,0
9471,0.0422001472810284,0
8115,0.0006164033136604265,0
8861,0.004452902955370824,0
1385,0.00046148360304966636,0
6383,0.0002629343039628698,0
1113,0.000548322384070738,0
4704,0.00022694918086980034,0
2334,0.0017081063486728693,0
7681,0.003063518094802282,0
5468,0.0003534318706237522,0
168,0.0002216978234970664,0
2547,0.00864421277041667,0
7043,0.0018964013281545218,0
8939,0.004957655346928408,0
5669,8.456213609673151e-05,0
5961,0.0002921183783670091,0
4213,0.052131603080446426,0
8483,0.0005551955769084433,0
7857,0.001309107281484777,0
2331,0.003137140390709264,0
3713,0.0005223800088491051,0
738,0.0049026461338693515,0
345,0.0008745261231838451,0
6558,0.0003746935261831403,0
7327,0.0005605117562788393,0
6067,0.0001412518854862862,0
3514,0.00021023910730979617,0
7482,0.0008278935387777702,0
7209,0.0006832284119151703,0
2095,0.0004078492056736506,0
2432,0.000648758376599776,0
6313,0.0001660095351481175,0
6982,0.0002527493534658709,0
3114,0.0002455826970154502,0
7656,0.00047858811983362,0
4906,9.611497592492846e-05,0
2910,4.3004026930282355e-05,0
4963,0.0007295688713318267,0
8207,0.002294592242453513,0
2027,7.194717721819409e-05,0
7416,0.006697295168047548,0
2449,0.002587446245455028,0
2295,0.00478692107131461,0
5713,0.00019852262099819573,0
1040,0.0002765433590977504,0
467,0.0005371929981900237,0
9097,0.0032405564347356797,0
8711,0.0012041850995597586,0
3396,0.0002651204042825423,0
5469,0.0011610821612468682,0
4247,0.0008820913402967302,0
2719,0.0005409019448626111,0
263,0.0018219124242102552,0
9635,0.003248366802024628,0
4606,0.00032263281030121854,0
7145,0.008966396483775391,0
2955,0.00017051191348070087,0
1244,0.001422854516742996,0
9141,0.0012762180290593237,0
6105,0.00011279838736144834,0
6236,0.000352106362205316,0
4284,0.0007770664798917352,0
374,0.0010008225468996646,0
9020,0.001430128115779574,0
1509,0.0018219124242102552,0
677,0.002411613052221462,0
3293,0.001211233019084402,0
4752,0.0004511280208684473,0
6921,0.0343732658228547,0
2758,0.0006367202388836297,0
7029,0.00014862782917663957,0
8199,0.0006923371100844549,0
7850,0.002763013955738835,0
5339,0.00016664962963575371,0
5675,0.000969093007648974,0
7003,0.0009123621711970406,0
2839,0.0003060465795866916,0
4239,0.00014174491953904163,0
7511,0.002066065328040101,0
694,0.0008435641943277217,0
3210,0.00046096968201937157,0
1362,0.00045548646935978466,0
2833,0.001144865618708964,0
7620,0.006697295168527228,0
364,8.497339396622732e-05,0
9323,0.0017741401400609364,0
5783,0.00015358608563628885,0
4172,0.00023788497885117674,0
2199,0.04431630539691225,0
5112,0.0003812070002349318,0
6925,0.0007754682369383209,0
1878,0.0021069690360175706,0
4623,0.0005890456959901379,0
7998,0.0074219512294194595,0
2226,0.0005519090104642992,0
4391,0.0003183176525516209,0
9483,0.005368614219509069,0
2865,0.004107029924509762,0
2137,3.8989580907496336e-05,0
5379,0.011560565006562594,0
9534,0.0013866855661849703,0
6500,0.00010472350928532492,0
9542,0.0008360032855177267,0
6908,0.00048703135811987747,0
2412,0.0012455821970728694,0
5392,0.00015837915591607925,0
2215,0.015969851113742595,0
8355,0.004831159785231491,0
7500,0.005843565968549881,0
7577,0.005342918430664294,0
3698,0.00029524991190549814,0
3201,0.00021245159062959808,0
620,0.0015631257931116578,0
7691,0.001617918933685022,0
6831,0.0012923604644585324,0
918,0.00018105385672186462,0
5528,0.00046701162745299264,0
2051,5.128120709425614e-05,0
1877,0.052131603080446426,0
517,0.00019880656490739473,0
9034,0.00041836548632250925,0
1825,0.00011296954060269136,0
5247,0.00016204147813595856,0
8519,0.0006243703144713634,0
4107,0.00018549718693719957,0
5541,0.0001930004042219607,0
2481,0.005182404495965877,0
7727,0.003235040175663201,0
697,0.000479544121592143,0
3157,0.0006973386235157134,0
4577,0.0004974281073770775,0
1288,8.159358200856064e-05,0
5163,0.0009459291902356176,0
9321,0.011570381340714048,0
8548,0.002671297204076507,0
8783,0.008060047327618369,0
3613,0.00015936003326142141,0
2935,0.0001611072799596977,0
2407,0.0003792028194015564,0
5153,0.00047679559670615906,0
2691,0.00016069219243270268,0
8271,0.008943449238454308,0
3483,0.0004618967085271792,0
2236,0.001624901472204599,0
5207,0.00038530775745643995,0
7980,0.0017125003994447607,0
2713,0.03836834250703766,0
6584,0.00013788025864823583,0
457,0.0005677059306369782,0
7439,0.0031135579396246605,0
5711,0.0004950896550868036,0
1677,0.0003430868545588897,0
5623,0.00011676282338944161,0
3938,0.0010425060516545252,0
5356,9.521411701534498e-05,0
782,0.03584621069447703,0
2040,0.00029905836211982246,0
1436,7.738651217297368e-05,0
8166,0.04222512682698973,0
8356,0.0011062996186550107,0
6632,0.00042243577194805537,0
9344,0.0012962978517439103,0
673,0.00324463877968677,0
8777,0.008183840397754466,0
3155,0.000858535220097323,0
6099,0.0008959991356216478,0
4553,5.9452105634395145e-05,0
8686,0.004626397298237934,0
7499,0.005436614327303677,0
4953,0.0008751471127925075,0
9373,0.008267970843513588,0
9166,0.007648754949010796,0
4038,7.203391489121736e-05,0
2641,0.002048716717715402,0
6793,0.0004447396204859185,0
7615,0.0007604639773399316,0
1002,4.4526272690896976e-05,0
8472,0.006697295168527228,0
8930,0.0013107528361018688,0
1947,0.0001043947993877152,0
3648,0.00023759155174882065,0
8858,0.008399764618644855,0
4741,0.0002007306106242534,0
8917,0.00499714974841831,0
2549,0.04721285006972084,0
4934,0.00021521876340001032,0
8002,0.005050588143869649,0
358,4.097879950241109e-05,0
328,0.001144751125564271,0
6576,0.0005529357243434451,0
1907,0.0005716562131704479,0
8168,0.0072966073333635036,0
5838,0.000922330048533066,0
2982,6.81213674469889e-05,0
5023,0.00016084775643240102,0
1854,0.00010749422533889637,0
5565,0.00026269247413791326,0
6285,0.0001378256478856934,0
820,0.007703462155352751,0
223,0.005182404494863746,0
2144,0.000570050730022066,0
8367,0.0003413190968634702,0
7714,0.003312305701018686,0
1036,0.0007088800331333351,0
9157,0.013291913358554812,0
7272,9.371555393829201e-05,0
8786,0.005124582014280607,0
8340,0.0020406648207344892,0
543,0.0008083354987052506,0
2607,0.10101022172665433,0
580,0.00046557777347514245,0
9239,0.001375325700219098,0
418,0.00032772316517448805,0
605,0.0008970417841632943,0
2473,0.05048325875358908,0
4430,0.00013661706046772396,0
5575,0.00015045770705718198,0
4728,9.695028037098164e-05,0
5050,0.00029299175018753247,0
4710,0.0005544638621985246,0
5333,7.747629404203398e-05,0
8808,0.008072087144132826,0
5789,0.0003726530813435257,0
5466,0.0002838167360088942,0
6190,0.00021027539058482723,0
9656,0.0005009689887661247,0
8052,0.0021922053427542634,0
7421,0.004974833967524948,0
765,0.00026418502871594017,0
5743,0.0004269149891237131,0
4384,0.000999601418143643,0
4559,0.0005017940621021293,0
5217,5.671994779356425e-05,0
2921,8.793913595224345e-05,0
6928,0.06227234802252278,0
2474,0.052131603080446426,0
128,0.0072321790732207784,0
8629,0.0006741402687383059,0
2721,0.0012142511851048197,0
9163,0.011448348072531683,0
4473,5.643912911992808e-05,0
5801,0.00011442523675472431,0
4539,0.000516823124462731,0
3159,0.0004267547467568403,0
4268,0.0010021794649504453,0
1591,0.052131603080446426,0
5886,0.00018613695505726393,0
7312,0.000447212625338956,0
1985,0.000550260671377468,0
5391,9.475321075817631e-05,0
823,0.07057578815299412,0
4117,0.0004658855228868614,0
8533,0.0004941914586074223,0
4460,0.0002187886717764108,0
1067,4.061231029945531e-05,0
5457,0.0009182864233708421,0
7329,0.0007725334927972216,0
2898,7.263727643982119e-05,0
2989,0.0008154639744522597,0
6400,3.731863664404301e-05,0
1011,0.00048538098873366953,0
2299,0.0004776130938499385,0
7040,0.0003796283211939195,0
2673,0.0016423222122779115,0
1268,9.204643718791665e-05,0
1108,0.0002674804542210108,0
6527,6.174247269161498e-05,0
1614,0.006602341328531718,0
4418,0.0002575761748802755,0
7651,0.006849555775886067,0
2086,0.000547747955061574,0
8078,0.002810210287714506,0
2400,0.0012158473795355167,0
7094,0.0026461298942493886,0
4857,0.0001504311236307011,0
7102,0.0017893575732621093,0
7696,0.004207149627967992,0
1435,0.00723196641027289,0
3602,0.0002895162323328256,0
3960,0.00016487093321918545,0
8933,0.0011863227026865644,0
1109,0.00029840090670880416,0
4280,7.461435399318565e-05,0
7865,0.0014022704195446037,0
6911,0.0010486957805067264,0
1909,0.001096666218179259,0
4190,0.0012166039869097166,0
4339,6.365329629568723e-05,0
6137,0.00019402971272778016,0
7105,0.003936439518564213,0
1738,0.0005453962119388237,0
7759,0.013530179812697192,0
1172,8.549489761067537e-05,0
6702,0.00037884964065357127,0
4264,0.00010518809053895296,0
5626,0.0006888296496103591,0
3808,3.749211373387758e-05,0
9628,0.0008459008068713597,0
3137,7.38356675301936e-05,0
7538,0.0014398873737925212,0
8262,0.013247009282000285,0
8062,0.000675238166651768,0
2123,0.0003716872096063953,0
7668,0.0009941736599770122,0
6150,0.00028075492445396,0
8270,0.011230597703704008,0
4608,9.198953293034286e-05,0
4358,6.104138399730016e-05,0
770,0.0007857354591201868,0
8607,0.0032304142722733844,0
6693,0.00044871824049694985,0
8148,0.005354428969205829,0
8501,0.006290368554265877,0
2416,0.0010381228534992893,0
8064,0.00012008040815132334,0
3154,0.0011656221714509503,0
9019,0.0010541017034195902,0
7728,0.004617796352598011,0
2862,0.0013242767440231548,0
4678,4.2560282932101764e-05,0
9439,0.004703195993749092,0
6074,0.0007813958424641368,0
1519,0.0002360366667646034,0
6840,0.002223998936602594,0
8118,0.00664988808237253,0
4499,8.263719133666898e-05,0
6293,0.00027930021458067735,0
926,0.0006029845855687611,0
1232,0.0010430242131441577,0
7292,0.01001669700981146,0
769,0.0007827216692872833,0
1567,0.0007921051833729914,0
1568,0.0007130048326982895,0
1188,0.0008295331170462642,0
388,8.697744232004908e-05,0
8674,0.002312317768467671,0
4695,0.00040836127098397776,0
5869,5.805703751361402e-05,0
2102,0.0033594748999628645,0
7218,0.03861159350981705,0
3640,0.0009884785918237654,0
8021,0.052131603080446426,0
3802,0.00031510287109300593,0
1641,0.034985972829256584,0
2952,9.648030654229853e-05,0
4240,8.728697451815566e-05,0
9148,0.008952362844302685,0
9409,0.004683518528007441,0
4827,4.151729716445498e-05,0
9207,0.0019456226474584852,0
5681,0.000302310656310024,0
6727,0.0007899718171491088,0
3979,0.00023887350555368424,0
913,0.00045722245964659354,0
2056,0.0011257947419886208,0
6058,0.00011269597528554462,0
2832,0.0010955296588202143,0
8716,0.004867462897405692,0
2567,0.008365953068251462,0
1448,0.016144004736396163,0
8272,0.01088906870194405,0
4697,0.000759609862646869,0
3248,0.00029707104571943663,0
4572,5.5787710391861845e-05,0
7814,0.0005542424695141108,0
6787,0.00011922163002523346,0
5404,0.00016951852596808984,0
9327,0.0014289456103271994,0
3961,0.0008582120957550562,0
2383,0.00014575311471899481,0
3105,0.00010650257696043204,0
6886,0.002894915595515098,0
2054,0.0008778693387432863,0
8507,0.005130111174075691,0
3996,0.00013125418179340536,0
5054,7.958438849703688e-05,0
1538,0.010589823318649808,0
4438,0.0007950121211166411,0
2078,0.000312064987640483,0
8054,0.0027713092481828614,0
152,0.01446595296450441,0
742,0.0016191562243385593,0
6338,0.0003646697745227543,0
3883,0.00016241844236955985,0
4112,0.0001533803715320245,0
7126,0.00502998934353122,0
6941,0.0008584301785953263,0
879,6.088161352333302e-05,0
1545,0.001432064832732098,0
2197,0.0011001466837800473,0
7776,0.005093537772679405,0
3397,0.0008612519899462768,0
6071,8.352580935178208e-05,0
4318,0.00010418826650183758,0
1974,9.68403005568458e-05,0
5887,0.0021491712308263603,0
2802,0.006576668024442391,0
609,0.0016851477074797212,0
9072,0.011437431600676016,0
7114,0.000379356452980602,0
7559,0.006385709037244679,0
1409,0.005182404495965877,0
6069,6.488321888728427e-05,0
3363,0.0005314673702138515,0
3822,5.011319183954776e-05,0
202,0.00040645339000554417,0
8586,0.00897315212279972,0
384,0.0005550138650740538,0
1893,0.007190381653706979,0
4208,4.651416939227139e-05,0
6156,4.4957445888213874e-05,0
6587,0.000859480248440374,0
8872,0.00430976183085103,0
9228,0.001201079331458338,0
1154,4.008380658234563e-05,0
2322,0.00018628326010360527,0
5864,0.006357409210360568,0
9279,0.0032580388883158055,0
5692,0.00019077640151153081,0
6636,9.539684632731969e-05,0
8654,0.019947739759166933,0
332,0.00023107710016404898,0
2013,0.0099825934201045,0
6388,4.559695868497662e-05,0
1733,0.00032195462907553526,0
3285,0.00020133397485440515,0
5918,3.781544118943335e-05,0
1213,0.001107668685385853,0
5414,4.052273961328011e-05,0
3414,0.00016024659020390995,0
2984,0.00031544454896746107,0
7545,0.004747437059204194,0
9365,0.03590379733907272,0
4424,0.00020886678107515436,0
9401,0.005123461246814307,0
7238,0.002481026907527575,0
5330,0.0003184182247446496,0
9092,0.007664610925862068,0
8706,0.010264159013651956,0
370,0.0002654404372328436,0
2808,0.0003092000082232968,0
7377,0.0026395142433134045,0
1593,0.00016352338136361633,0
2456,0.0001454700856519038,0
2821,0.0008745901902328059,0
2132,0.00012578571456361596,0
1603,0.00012984843519446332,0
3995,0.00043244399509519246,0
4686,0.00043323128907367956,0
7877,0.0034896935185660858,0
1417,0.010625209188960372,0
5387,0.0008215596887638759,0
7721,0.004703348472462839,0
4687,0.00013238633077676274,0
6623,0.00016651100524028378,0
6816,0.0024870020429449244,0
3453,5.003098472868755e-05,0
6442,0.0005264741518077124,0
4227,4.383945976776688e-05,0
6287,0.0009836875246543426,0
661,0.0006845105487906001,0
2612,0.0032841963333033663,0
5850,0.03676332877180555,0
9491,0.007161765303032507,0
4641,0.0004036792228248721,0
1716,0.052131603080446426,0
2786,0.00051878933869376,0
5323,0.052131603080446426,0
7660,0.00042651306031158656,0
974,0.003526299290514653,0
1469,0.0006324424977657055,0
5644,0.0009628023299944325,0
3107,0.0005046290191863867,0
6063,0.0007093056402670316,0
877,0.004617445088139769,0
20,0.08167779567944516,1
6,0.07842335709866921,1
102,0.07589098963940977,1
14,0.08228866900673233,1
19,0.12050706365913894,1
104,0.0758817640939504,1
54,0.07525833258109271,1
74,0.07398315635907163,1
31,0.09160735703220807,1
15,0.07558859284876333,1
66,0.10032526692133908,1
10,0.07839894080405288,1
32,0.07645727640381397,1
101,0.08970410820273812,1
12,0.08230029474113737,1
30,0.07649115358267139,1
3,0.07839086721959751,1
88,0.07628627470220659,1
34,0.0760909854033608,1
4,0.07839634051166237,1
84,0.07483545214099314,1
106,0.08956126995693335,1
44,0.09038778667593797,1
89,0.08935288731089774,1
